Bot,Wins,Draws,Losses,AvgPoints
Botnia and Herzebotvina,6,1,0,41.785714285714285
Bot by the Book,6,1,0,44.357142857142854
Botkrieg,6,1,0,48.07142857142857
Bot With a Clock,6,1,0,50.285714285714285
Bot That Does Stuff,6,0,1,51.42857142857143
Mercenary Bot,5,2,0,48.5
Weighting Bot,5,2,0,55.5
G2EBot,5,1,1,47.142857142857146
Bot With a Plot,5,1,1,51.642857142857146
Pawn Bot,4,3,0,45.714285714285715
Christopher Columbot,4,3,0,51.5
Colin McBot,4,3,0,55.5
Thinking Bot II,4,2,1,43.785714285714285
Sickly Bot Child,4,2,1,48.5
Gambling Bot,4,2,1,48.714285714285715
One Piece Random Bot,4,2,1,49.42857142857143
Bottus Maximus,4,1,2,44.857142857142854
Thinking Bot,4,1,2,48.57142857142857
Botfish,4,1,2,50.357142857142854
Laser Bot,4,1,2,54.642857142857146
Two Move Bot,3,4,0,51.357142857142854
Kamikaze Bot,3,3,1,42.07142857142857
Virus Bot,3,3,1,47.857142857142854
Random Bot,3,2,2,45.42857142857143
BOTential,3,1,3,43.285714285714285
Shield Bot,3,1,3,44.5
One Move Bot,3,1,3,55.857142857142854
Botdefender,3,0,4,45.642857142857146
YOLO Bot,2,5,0,46.92857142857143
Migrating Bot,2,5,0,52.642857142857146
1.5 Move Bot,2,5,0,55.0
Speedrunner Bot,2,4,1,43.42857142857143
Hitman Bot,2,4,1,43.42857142857143
Assassin Bot,2,4,1,47.0
Abilibot,2,4,1,48.214285714285715
Equality Bot,2,4,1,49.214285714285715
Counting Bot,2,3,2,48.142857142857146
Restrictor Bot,2,3,2,48.785714285714285
Balance Bot,2,3,2,49.785714285714285
Lazy Bot,2,2,3,46.642857142857146
Idiot,2,2,3,47.0
Savage Beastbot,2,1,4,52.214285714285715
5x Random Bot,1,6,0,42.785714285714285
Berserker Bot,1,6,0,47.285714285714285
Blind as a Bot,1,6,0,54.357142857142854
Aggro Bot,1,5,1,45.07142857142857
Bot 618,1,4,2,44.142857142857146
Bloodbot,1,4,2,48.07142857142857
Marching Bot,1,4,2,50.57142857142857
Bothoven,1,2,4,54.642857142857146
Adventurous King Bot,1,1,5,46.214285714285715
Bots United,0,7,0,47.5
Amazeing Bot,0,5,2,48.714285714285715
Negative One Move Bot,0,5,2,50.5
Lobotomy,0,3,4,51.857142857142854
Bot Ross,0,2,5,50.42857142857143
