Match,Turns,Winner,Result
Balance Bot vs 5x Random Bot,1,Balance Bot,White Won by Opposing King Death
Weighting Bot vs Virus Bot,2,Virus Bot,Black Won by Checkmate
Colin McBot vs Virus Bot,2,Colin McBot,White Won by Checkmate
Equality Bot vs Bot by the Book,3,Bot by the Book,Black Won by Checkmate
Two Move Bot vs Bloodbot,3,Two Move Bot,White Won by Checkmate
Botnia and Herzebotvina vs Two Move Bot,3,Botnia and Herzebotvina,White Won by Checkmate
Speedrunner Bot vs Bot With a Plot,4,Speedrunner Bot,White Won by Opposing King Death
Speedrunner Bot vs 5x Random Bot,4,Speedrunner Bot,White Won by Opposing King Death
Bot With a Clock vs Botkrieg,4,Botkrieg,Black Won by Checkmate
1.5 Move Bot vs Thinking Bot II,4,Thinking Bot II,Black Won by Opposing King Death
