Bot,AvgTurns
Lobotomy,67.42857142857143
One Move Bot,64.14285714285714
Bloodbot,60.57142857142857
Idiot,59.714285714285715
Botfish,59.0
Botdefender,58.142857142857146
Bothoven,58.142857142857146
Random Bot,58.0
Shield Bot,57.0
Marching Bot,52.0
Lazy Bot,51.42857142857143
One Piece Random Bot,50.57142857142857
Bot Ross,50.142857142857146
Balance Bot,48.714285714285715
Counting Bot,47.57142857142857
BOTential,45.857142857142854
Savage Beastbot,45.285714285714285
G2EBot,42.0
Restrictor Bot,41.285714285714285
Equality Bot,41.0
Blind as a Bot,41.0
Thinking Bot,41.0
Adventurous King Bot,40.857142857142854
Bot That Does Stuff,37.142857142857146
Bottus Maximus,36.0
Gambling Bot,35.57142857142857
Negative One Move Bot,35.42857142857143
Thinking Bot II,34.857142857142854
Laser Bot,34.57142857142857
Christopher Columbot,34.42857142857143
Bot With a Plot,34.142857142857146
Migrating Bot,34.0
Bots United,32.857142857142854
Amazeing Bot,30.857142857142858
Sickly Bot Child,30.714285714285715
Kamikaze Bot,30.428571428571427
Abilibot,30.285714285714285
Aggro Bot,29.857142857142858
Assassin Bot,29.285714285714285
Speedrunner Bot,29.0
Botnia and Herzebotvina,28.0
Hitman Bot,27.857142857142858
Pawn Bot,27.571428571428573
Virus Bot,27.285714285714285
Bot With a Clock,26.714285714285715
Two Move Bot,26.428571428571427
Berserker Bot,26.142857142857142
1.5 Move Bot,25.142857142857142
Colin McBot,24.142857142857142
Bot by the Book,24.142857142857142
Bot 618,22.142857142857142
YOLO Bot,21.714285714285715
Weighting Bot,19.714285714285715
Botkrieg,19.285714285714285
5x Random Bot,18.428571428571427
Mercenary Bot,17.0
